State,Year,Beer,Wine,Spirits
Alabama,2009,1.2,0.22,0.58
,2008,1.24,0.22,0.58
,2007,1.24,0.22,0.56
,2006,1.22,0.21,0.55
,2005,1.18,0.2,0.53
,2004,1.19,0.2,0.52
,2003,1.18,0.19,0.52
,2002,1.18,0.21,0.53
,2001,1.16,0.17,0.53
,2000,1.19,0.18,0.51
,1999,1.18,0.17,0.51
,1998,1.16,0.17,0.51
,1997,1.14,0.15,0.52
,1996,1.17,0.15,0.53
,1995,1.14,0.15,0.53
,1994,1.16,0.17,0.54
,1993,1.14,0.17,0.56
,1992,1.02,0.19,0.59
,1991,1,0.17,0.59
,1990,1.12,0.18,0.61
,1989,1.1,0.17,0.6
,1988,1.1,0.18,0.61
,1987,1.1,0.18,0.61
,1986,1.09,0.18,0.64
,1985,1.06,0.17,0.67
,1984,1.02,0.19,0.69
,1983,1.01,0.17,0.71
,1982,1,0.18,0.72
,1981,1,0.19,0.73
,1980,0.96,0.16,0.74
,1979,0.98,0.12,0.84
,1978,0.98,0.12,0.88
,1977,0.99,0.13,0.84
Alaska,2009,1.31,0.54,1.16
,2008,1.2,0.49,1.09
,2007,1.13,0.44,1.07
,2006,1.24,0.46,1.02
,2005,1.24,0.43,0.99
,2004,1.32,0.45,0.96
,2003,1.27,0.37,0.79
,2002,1.36,0.43,1.08
,2001,1.34,0.4,0.97
,2000,1.35,0.37,0.92
,1999,1.45,0.4,0.98
,1998,1.37,0.39,0.98
,1997,1.31,0.36,0.88
,1996,1.31,0.38,0.94
,1995,1.45,0.39,1.02
,1994,1.53,0.4,1.1
,1993,1.31,0.32,0.92
,1992,1.53,0.41,1.08
,1991,1.54,0.43,1.14
,1990,1.62,0.46,1.25
,1989,1.57,0.46,1.24
,1988,1.6,0.49,1.23
,1987,1.64,0.54,1.29
,1986,1.68,0.56,1.27
,1985,1.68,0.58,1.53
,1984,1.73,0.58,1.56
,1983,1.76,0.61,1.7
,1982,1.75,0.56,1.74
,1981,1.71,0.57,1.82
,1980,1.55,0.5,1.7
,1979,1.5,0.47,1.65
,1978,1.39,0.45,1.68
,1977,1.19,0.42,1.7
Arizona,2009,1.19,0.38,0.74
,2008,1.27,0.4,0.75
,2007,1.36,0.33,0.76
,2006,1.31,0.37,0.78
,2005,1.33,0.39,0.74
,2004,1.39,0.33,0.7
,2003,1.41,0.37,0.71
,2002,1.46,0.33,0.69
,2001,1.47,0.33,0.7
,2000,1.48,0.31,0.71
,1999,1.47,0.34,0.69
,1998,1.44,0.32,0.68
,1997,1.45,0.31,0.68
,1996,1.52,0.33,0.73
,1995,1.47,0.29,0.68
,1994,1.52,0.29,0.7
,1993,1.58,0.27,0.76
,1992,1.58,0.31,0.8
,1991,1.58,0.35,0.78
,1990,1.59,0.37,0.8
,1989,1.68,0.36,0.85
,1988,1.64,0.42,0.88
,1987,1.67,0.46,0.86
,1986,1.77,0.46,0.91
,1985,1.67,0.46,1
,1984,1.57,0.45,1.06
,1983,1.62,0.44,1
,1982,1.74,0.4,0.99
,1981,1.78,0.42,1.01
,1980,1.69,0.36,0.98
,1979,1.86,0.39,1.17
,1978,1.77,0.37,1.1
,1977,1.7,0.34,1.05
Arkansas,2009,1.07,0.17,0.6
,2008,1.11,0.17,0.6
,2007,1.07,0.17,0.6
,2006,1.07,0.17,0.59
,2005,1.05,0.16,0.58
,2004,1.07,0.15,0.58
,2003,1.06,0.14,0.56
,2002,1.07,0.14,0.53
,2001,1.06,0.13,0.53
,2000,1.09,0.12,0.53
,1999,1.09,0.12,0.54
,1998,1.1,0.11,0.51
,1997,1.08,0.12,0.52
,1996,1.1,0.12,0.53
,1995,1.08,0.12,0.51
,1994,1.06,0.13,0.46
,1993,1.1,0.11,0.58
,1992,1.13,0.12,0.65
,1991,1.12,0.11,0.58
,1990,1.12,0.13,0.61
,1989,1.08,0.13,0.57
,1988,1.07,0.14,0.53
,1987,1.08,0.11,0.53
,1986,1.06,0.09,0.48
,1985,1.03,0.13,0.58
,1984,1.02,0.12,0.64
,1983,1.03,0.13,0.63
,1982,1.03,0.12,0.63
,1981,1.06,0.12,0.68
,1980,1,0.12,0.69
,1979,0.93,0.1,0.57
,1978,0.97,0.11,0.73
,1977,0.92,0.1,0.63
California,2009,1.05,0.55,0.73
,2008,1.07,0.55,0.72
,2007,1.07,0.55,0.72
,2006,1.05,0.54,0.7
,2005,1.02,0.53,0.68
,2004,1.06,0.51,0.67
,2003,1.06,0.5,0.65
,2002,1.07,0.49,0.63
,2001,1.08,0.48,0.64
,2000,1.07,0.48,0.64
,1999,1.1,0.46,0.62
,1998,1.1,0.45,0.61
,1997,1.12,0.5,0.62
,1996,1.11,0.49,0.64
,1995,1.14,0.45,0.64
,1994,1.09,0.47,0.68
,1993,1.17,0.48,0.69
,1992,1.28,0.51,0.75
,1991,1.22,0.49,0.75
,1990,1.32,0.59,0.87
,1989,1.31,0.61,0.87
,1988,1.34,0.68,0.89
,1987,1.36,0.74,0.93
,1986,1.36,0.79,0.96
,1985,1.32,0.78,1.02
,1984,1.38,0.74,1.07
,1983,1.37,0.75,1.11
,1982,1.37,0.72,1.14
,1981,1.43,0.72,1.21
,1980,1.42,0.71,1.25
,1979,1.42,0.7,1.28
,1978,1.36,0.68,1.32
,1977,1.31,0.67,1.28
Colorado,2009,1.22,0.46,1
,2008,1.27,0.46,1.01
,2007,1.29,0.47,1
,2006,1.27,0.45,0.97
,2005,1.3,0.41,0.99
,2004,1.3,0.43,0.95
,2003,1.34,0.4,0.87
,2002,1.35,0.39,0.9
,2001,1.42,0.41,0.96
,2000,1.35,0.37,0.89
,1999,1.33,0.37,0.75
,1998,1.33,0.37,0.83
,1997,1.3,0.37,0.81
,1996,1.36,0.37,0.84
,1995,1.34,0.35,0.78
,1994,1.36,0.35,0.84
,1993,1.4,0.36,0.86
,1992,1.34,0.36,0.81
,1991,1.39,0.35,0.87
,1990,1.35,0.29,0.75
,1989,1.4,0.37,0.84
,1988,1.42,0.39,0.91
,1987,1.43,0.44,0.93
,1986,1.47,0.46,0.94
,1985,1.47,0.5,1.18
,1984,1.51,0.46,1.12
,1983,1.57,0.46,1.12
,1982,1.64,0.46,1.18
,1981,1.63,0.44,1.26
,1980,1.57,0.47,1.31
,1979,1.68,0.47,1.37
,1978,1.64,0.47,1.43
,1977,1.43,0.36,1.22
Connecticut,2009,0.89,0.59,0.86
,2008,0.94,0.59,0.86
,2007,0.93,0.58,0.85
,2006,0.93,0.55,0.84
,2005,0.9,0.54,0.79
,2004,0.92,0.53,0.79
,2003,0.93,0.52,0.77
,2002,0.95,0.5,0.74
,2001,0.95,0.5,0.74
,2000,0.94,0.49,0.74
,1999,0.94,0.49,0.75
,1998,0.96,0.48,0.74
,1997,0.95,0.48,0.74
,1996,0.94,0.46,0.72
,1995,0.97,0.49,0.77
,1994,0.99,0.43,0.78
,1993,0.96,0.44,0.8
,1992,1.01,0.45,0.83
,1991,1.03,0.43,0.84
,1990,1.09,0.45,0.92
,1989,1.09,0.47,0.98
,1988,1.14,0.51,1.07
,1987,1.15,0.52,1.12
,1986,1.13,0.51,1.15
,1985,1.14,0.5,1.2
,1984,1.1,0.5,1.2
,1983,1.1,0.49,1.23
,1982,1.04,0.49,1.2
,1981,1.05,0.44,1.18
,1980,1.06,0.43,1.21
,1979,1.13,0.4,1.2
,1978,1.07,0.38,1.2
,1977,1.05,0.35,1.21
Delaware,2009,1.31,0.57,1.25
,2008,1.36,0.58,1.25
,2007,1.39,0.59,1.25
,2006,1.43,0.6,1.28
,2005,1.43,0.59,1.25
,2004,1.41,0.57,1.28
,2003,1.37,0.56,1.17
,2002,1.39,0.52,1.1
,2001,1.38,0.49,1.06
,2000,1.36,0.48,1.05
,1999,1.4,0.48,1.03
,1998,1.36,0.47,0.98
,1997,1.37,0.46,0.99
,1996,1.39,0.45,0.94
,1995,1.3,0.4,0.92
,1994,1.43,0.38,0.95
,1993,1.46,0.35,0.95
,1992,1.4,0.36,0.97
,1991,1.4,0.35,0.95
,1990,1.44,0.37,1.14
,1989,1.4,0.38,1.13
,1988,1.44,0.4,1.19
,1987,1.44,0.42,1.22
,1986,1.45,0.44,1.23
,1985,1.46,0.41,1.3
,1984,1.51,0.38,1.28
,1983,1.53,0.35,1.34
,1982,1.53,0.34,1.36
,1981,1.51,0.32,1.39
,1980,1.45,0.29,1.38
,1979,1.38,0.27,1.34
,1978,1.33,0.25,1.33
,1977,1.32,0.24,1.35
District of Columbia,2009,1.26,1,1.64
,2008,1.34,1,1.63
,2007,1.35,0.99,1.61
,2006,1.36,0.95,1.58
,2005,1.38,0.92,1.53
,2004,1.41,0.94,1.57
,2003,1.4,0.9,1.54
,2002,1.36,0.84,1.47
,2001,1.33,0.82,1.46
,2000,1.35,0.7,1.48
,1999,1.37,0.73,1.35
,1998,1.37,0.73,1.44
,1997,1.4,0.74,1.61
,1996,1.42,0.74,1.47
,1995,1.51,0.72,1.52
,1994,1.5,0.74,1.52
,1993,1.51,0.73,1.54
,1992,1.61,0.7,1.74
,1991,1.42,0.61,1.85
,1990,1.42,0.76,1.96
,1989,1.49,0.88,1.85
,1988,1.47,0.99,2.02
,1987,1.48,1,2.37
,1986,1.52,1.04,2.19
,1985,1.49,1.03,2.42
,1984,1.56,1.11,2.68
,1983,1.55,1.08,2.79
,1982,1.48,1,2.91
,1981,1.5,1.06,2.92
,1980,1.49,0.99,2.94
,1979,1.48,0.99,3.03
,1978,1.43,0.94,3.14
,1977,1.39,0.89,3.26
Florida,2009,1.21,0.48,0.92
,2008,1.25,0.49,0.9
,2007,1.3,0.49,0.93
,2006,1.33,0.48,0.92
,2005,1.34,0.47,0.91
,2004,1.35,0.46,0.89
,2003,1.32,0.44,0.86
,2002,1.32,0.43,0.84
,2001,1.33,0.4,0.82
,2000,1.32,0.4,0.82
,1999,1.33,0.4,0.8
,1998,1.3,0.38,0.79
,1997,1.34,0.37,0.8
,1996,1.36,0.37,0.81
,1995,1.34,0.35,0.82
,1994,1.4,0.33,0.87
,1993,1.44,0.33,0.92
,1992,1.45,0.34,0.96
,1991,1.43,0.34,0.92
,1990,1.54,0.39,1.04
,1989,1.51,0.39,1
,1988,1.51,0.41,1
,1987,1.51,0.42,1.03
,1986,1.5,0.41,1.05
,1985,1.47,0.41,1.16
,1984,1.48,0.4,1.24
,1983,1.56,0.4,1.23
,1982,1.56,0.4,1.33
,1981,1.55,0.39,1.38
,1980,1.42,0.37,1.43
,1979,1.47,0.37,1.51
,1978,1.41,0.34,1.48
,1977,1.33,0.33,1.47
Georgia,2009,1.08,0.25,0.64
,2008,1.13,0.25,0.64
,2007,1.16,0.26,0.64
,2006,1.17,0.26,0.64
,2005,1.13,0.26,0.63
,2004,1.17,0.26,0.63
,2003,1.19,0.26,0.66
,2002,1.2,0.26,0.65
,2001,1.19,0.26,0.65
,2000,1.22,0.26,0.69
,1999,1.23,0.27,0.69
,1998,1.21,0.24,0.7
,1997,1.19,0.25,0.7
,1996,1.22,0.24,0.7
,1995,1.2,0.22,0.71
,1994,1.17,0.2,0.77
,1993,1.23,0.2,0.77
,1992,1.22,0.21,0.79
,1991,1.16,0.22,0.78
,1990,1.22,0.23,0.86
,1989,1.18,0.24,0.94
,1988,1.22,0.26,0.92
,1987,1.22,0.27,1
,1986,1.22,0.27,0.95
,1985,1.17,0.25,1.01
,1984,1.18,0.23,1.06
,1983,1.14,0.22,1.05
,1982,1.12,0.21,1.04
,1981,1.1,0.18,1.09
,1980,1.07,0.19,1.09
,1979,1.17,0.19,1.22
,1978,1.14,0.19,1.26
,1977,1.08,0.16,1.23
Hawaii,2009,1.3,0.53,0.75
,2008,1.35,0.52,0.74
,2007,1.34,0.49,0.8
,2006,1.3,0.48,0.78
,2005,1.32,0.46,0.74
,2004,1.39,0.49,0.68
,2003,1.3,0.42,0.67
,2002,1.27,0.39,0.62
,2001,1.3,0.38,0.6
,2000,1.33,0.39,0.6
,1999,1.31,0.39,0.56
,1998,1.32,0.37,0.54
,1997,1.37,0.37,0.56
,1996,1.4,0.36,0.58
,1995,1.41,0.34,0.57
,1994,1.46,0.38,0.62
,1993,1.49,0.37,0.65
,1992,1.55,0.39,0.69
,1991,1.57,0.4,0.7
,1990,1.64,0.4,0.79
,1989,1.54,0.43,0.79
,1988,1.62,0.45,0.79
,1987,1.57,0.4,0.76
,1986,1.6,0.44,0.85
,1985,1.59,0.41,0.88
,1984,1.65,0.41,0.91
,1983,1.87,0.44,1.12
,1982,1.8,0.48,1.14
,1981,1.74,0.44,1.16
,1980,1.65,0.46,1.21
,1979,1.6,0.44,1.28
,1978,1.38,0.46,1.3
,1977,1.61,0.36,1.26
Idaho,2009,1.05,0.92,0.7
,2008,1.15,0.81,0.69
,2007,1.18,0.74,0.67
,2006,1.14,0.74,0.65
,2005,1.1,0.73,0.61
,2004,1.12,0.71,0.57
,2003,1.14,0.64,0.54
,2002,1.16,0.64,0.53
,2001,1.14,0.63,0.53
,2000,1.16,0.65,0.51
,1999,1.17,0.68,0.52
,1998,1.15,0.59,0.51
,1997,1.14,0.36,0.5
,1996,1.18,0.3,0.51
,1995,1.15,0.3,0.53
,1994,1.24,0.35,0.53
,1993,1.26,0.29,0.55
,1992,1.32,0.31,0.57
,1991,1.31,0.32,0.56
,1990,1.36,0.33,0.58
,1989,1.23,0.3,0.56
,1988,1.25,0.36,0.58
,1987,1.31,0.38,0.58
,1986,1.34,0.38,0.61
,1985,1.35,0.36,0.71
,1984,1.4,0.31,0.72
,1983,1.44,0.3,0.76
,1982,1.47,0.31,0.81
,1981,1.54,0.33,0.83
,1980,1.53,0.3,0.77
,1979,1.55,0.27,0.84
,1978,1.5,0.26,0.8
,1977,1.5,0.22,0.79
Illinois,2009,1.22,0.39,0.73
,2008,1.21,0.38,0.73
,2007,1.22,0.41,0.73
,2006,1.23,0.37,0.73
,2005,1.22,0.34,0.7
,2004,1.22,0.31,0.67
,2003,1.25,0.35,0.74
,2002,1.27,0.33,0.65
,2001,1.27,0.32,0.68
,2000,1.28,0.32,0.63
,1999,1.29,0.33,0.66
,1998,1.28,0.34,0.64
,1997,1.26,0.35,0.65
,1996,1.27,0.35,0.68
,1995,1.3,0.33,0.66
,1994,1.32,0.34,0.69
,1993,1.32,0.34,0.72
,1992,1.34,0.35,0.74
,1991,1.38,0.34,0.76
,1990,1.43,0.36,0.82
,1989,1.38,0.35,0.82
,1988,1.42,0.37,0.85
,1987,1.41,0.39,0.87
,1986,1.4,0.39,0.9
,1985,1.38,0.37,0.98
,1984,1.4,0.37,1.01
,1983,1.42,0.35,1.03
,1982,1.41,0.35,1.06
,1981,1.43,0.35,1.12
,1980,1.43,0.33,1.24
,1979,1.45,0.33,1.17
,1978,1.38,0.31,1.19
,1977,1.35,0.3,1.22
Indiana,2009,1.09,0.25,0.73
,2008,1.11,0.24,0.74
,2007,1.14,0.24,0.72
,2006,1.1,0.25,0.66
,2005,1.11,0.22,0.68
,2004,1.14,0.22,0.66
,2003,1.11,0.21,0.64
,2002,1.13,0.2,0.6
,2001,1.15,0.2,0.62
,2000,1.16,0.21,0.61
,1999,1.16,0.19,0.59
,1998,1.14,0.19,0.58
,1997,1.12,0.19,0.59
,1996,1.13,0.19,0.57
,1995,1.12,0.21,0.58
,1994,1.15,0.2,0.59
,1993,1.15,0.19,0.64
,1992,1.16,0.2,0.58
,1991,1.22,0.19,0.6
,1990,1.26,0.2,0.63
,1989,1.21,0.19,0.63
,1988,1.23,0.21,0.66
,1987,1.24,0.22,0.67
,1986,1.25,0.23,0.67
,1985,1.25,0.22,0.72
,1984,1.26,0.21,0.72
,1983,1.27,0.19,0.73
,1982,1.29,0.18,0.76
,1981,1.29,0.18,0.78
,1980,1.26,0.17,0.77
,1979,1.23,0.15,0.79
,1978,1.19,0.16,0.79
,1977,1.14,0.14,0.77
Iowa,2009,1.42,0.18,0.72
,2008,1.41,0.17,0.7
,2007,1.4,0.17,0.67
,2006,1.38,0.16,0.65
,2005,1.37,0.16,0.6
,2004,1.37,0.16,0.57
,2003,1.37,0.15,0.53
,2002,1.37,0.14,0.51
,2001,1.36,0.13,0.5
,2000,1.35,0.13,0.5
,1999,1.34,0.13,0.48
,1998,1.31,0.12,0.46
,1997,1.28,0.12,0.45
,1996,1.28,0.12,0.45
,1995,1.26,0.11,0.44
,1994,1.3,0.1,0.44
,1993,1.28,0.11,0.48
,1992,1.31,0.13,0.46
,1991,1.32,0.16,0.52
,1990,1.34,0.18,0.54
,1989,1.26,0.18,0.5
,1988,1.28,0.2,0.52
,1987,1.3,0.21,0.57
,1986,1.32,0.19,0.53
,1985,1.31,0.14,0.57
,1984,1.36,0.12,0.61
,1983,1.38,0.13,0.64
,1982,1.39,0.13,0.65
,1981,1.44,0.13,0.69
,1980,1.41,0.13,0.71
,1979,1.4,0.11,0.71
,1978,1.38,0.11,0.74
,1977,1.33,0.1,0.74
Kansas,2009,1.18,0.14,0.67
,2008,1.21,0.14,0.65
,2007,1.17,0.15,0.64
,2006,1.14,0.18,0.61
,2005,1.14,0.18,0.57
,2004,1.13,0.16,0.56
,2003,1.15,0.17,0.56
,2002,1.19,0.15,0.54
,2001,1.12,0.15,0.53
,2000,1.15,0.15,0.52
,1999,1.14,0.16,0.54
,1998,1.09,0.15,0.54
,1997,1.09,0.14,0.48
,1996,1.05,0.14,0.49
,1995,1.08,0.15,0.5
,1994,1.12,0.13,0.48
,1993,1.09,0.14,0.52
,1992,1.09,0.14,0.55
,1991,1.15,0.14,0.57
,1990,1.13,0.13,0.53
,1989,1.1,0.13,0.54
,1988,1.11,0.21,0.56
,1987,1.12,0.16,0.56
,1986,1.12,0.17,0.59
,1985,1.17,0.15,0.64
,1984,1.18,0.14,0.63
,1983,1.2,0.13,0.64
,1982,1.22,0.13,0.67
,1981,1.23,0.12,0.7
,1980,1.23,0.11,0.62
,1979,1.17,0.11,0.73
,1978,1.14,0.12,0.64
,1977,1.13,0.1,0.65
Kentucky,2009,1.11,0.18,0.65
,2008,1.03,0.18,0.65
,2007,1.05,0.17,0.63
,2006,1.04,0.17,0.62
,2005,1.05,0.14,0.61
,2004,1.07,0.17,0.57
,2003,1.03,0.15,0.56
,2002,1.08,0.14,0.54
,2001,1.04,0.12,0.46
,2000,1.07,0.14,0.54
,1999,1.07,0.13,0.54
,1998,1.07,0.13,0.53
,1997,1.06,0.13,0.53
,1996,1.05,0.13,0.54
,1995,1.05,0.12,0.54
,1994,1.08,0.11,0.55
,1993,1.08,0.1,0.55
,1992,1.04,0.11,0.56
,1991,1.11,0.11,0.56
,1990,1.12,0.11,0.6
,1989,1.08,0.12,0.56
,1988,1.08,0.12,0.59
,1987,1.03,0.14,0.59
,1986,1.09,0.13,0.62
,1985,1.07,0.13,0.66
,1984,1.05,0.12,0.68
,1983,1.13,0.12,0.69
,1982,1.14,0.12,0.73
,1981,1.13,0.11,0.75
,1980,1.08,0.1,0.74
,1979,1.1,0.09,0.77
,1978,1.07,0.09,0.77
,1977,1.19,0.09,0.75
Louisiana,2009,1.5,0.28,0.85
,2008,1.56,0.27,0.83
,2007,1.57,0.28,0.81
,2006,1.61,0.25,0.8
,2005,1.47,0.24,0.72
,2004,1.39,0.26,0.73
,2003,1.42,0.25,0.73
,2002,1.33,0.24,0.71
,2001,1.49,0.23,0.69
,2000,1.5,0.22,0.7
,1999,1.54,0.24,0.69
,1998,1.5,0.23,0.7
,1997,1.5,0.23,0.71
,1996,1.5,0.22,0.72
,1995,1.55,0.21,0.73
,1994,1.45,0.21,0.73
,1993,1.53,0.21,0.72
,1992,1.55,0.22,0.74
,1991,1.52,0.21,0.73
,1990,1.53,0.23,0.78
,1989,1.43,0.23,0.72
,1988,1.44,0.24,0.69
,1987,1.36,0.24,0.75
,1986,1.39,0.26,0.78
,1985,1.35,0.27,0.86
,1984,1.4,0.29,0.94
,1983,1.43,0.3,1.02
,1982,1.49,0.3,1
,1981,1.48,0.27,1.02
,1980,1.41,0.27,1.04
,1979,1.36,0.26,1.08
,1978,1.35,0.25,1.07
,1977,1.3,0.25,1.03
Maine,2009,1.24,0.42,0.83
,2008,1.26,0.42,0.82
,2007,1.27,0.43,0.8
,2006,1.26,0.42,0.79
,2005,1.24,0.41,0.77
,2004,1.24,0.41,0.76
,2003,1.24,0.39,0.73
,2002,1.23,0.39,0.69
,2001,1.2,0.37,0.69
,2000,1.17,0.39,0.73
,1999,1.16,0.37,0.73
,1998,1.14,0.34,0.68
,1997,1.15,0.33,0.71
,1996,1.17,0.33,0.71
,1995,1.17,0.29,0.72
,1994,1.13,0.27,0.77
,1993,1.15,0.29,0.79
,1992,1.16,0.29,0.78
,1991,1.18,0.3,0.77
,1990,1.21,0.31,0.82
,1989,1.25,0.34,0.85
,1988,1.28,0.36,0.91
,1987,1.26,0.38,0.91
,1986,1.28,0.36,0.91
,1985,1.29,0.33,0.94
,1984,1.25,0.31,1.01
,1983,1.32,0.29,1.03
,1982,1.3,0.3,1.02
,1981,1.24,0.28,1.05
,1980,1.32,0.29,1.06
,1979,1.3,0.27,1.08
,1978,1.31,0.27,1.05
,1977,1.37,0.23,1.04
Maryland,2009,0.97,0.37,0.87
,2008,0.99,0.36,0.85
,2007,1.01,0.36,0.84
,2006,1.02,0.34,0.83
,2005,0.93,0.32,0.85
,2004,1.03,0.33,0.79
,2003,1.02,0.32,0.77
,2002,1.05,0.31,0.75
,2001,1.06,0.3,0.75
,2000,1.04,0.3,0.75
,1999,1.04,0.3,0.74
,1998,1.05,0.3,0.73
,1997,1.05,0.29,0.73
,1996,1.05,0.29,0.74
,1995,1.06,0.28,0.74
,1994,1.09,0.28,0.78
,1993,1.1,0.28,0.8
,1992,1.11,0.29,0.86
,1991,1.15,0.3,0.89
,1990,1.22,0.33,0.96
,1989,1.22,0.34,0.98
,1988,1.26,0.36,1.01
,1987,1.29,0.38,1.07
,1986,1.29,0.39,1.08
,1985,1.31,0.36,1.14
,1984,1.31,0.36,1.17
,1983,1.34,0.35,1.2
,1982,1.27,0.32,1.17
,1981,1.39,0.34,1.33
,1980,1.42,0.33,1.35
,1979,1.43,0.31,1.39
,1978,1.41,0.31,1.38
,1977,1.37,0.3,1.39
Massachusetts,2009,1.02,0.61,0.84
,2008,1.07,0.62,0.84
,2007,1.01,0.61,0.86
,2006,1.1,0.61,0.84
,2005,1.07,0.59,0.85
,2004,1.1,0.58,0.84
,2003,1.1,0.56,0.82
,2002,1.13,0.54,0.8
,2001,1.12,0.52,0.78
,2000,1.16,0.51,0.87
,1999,1.09,0.51,0.79
,1998,1.14,0.5,0.75
,1997,1.13,0.49,0.76
,1996,1.11,0.48,0.77
,1995,1.13,0.44,0.78
,1994,1.14,0.44,0.8
,1993,1.14,0.44,0.8
,1992,1.12,0.44,0.82
,1991,1.19,0.43,0.87
,1990,1.22,0.45,0.97
,1989,1.26,0.47,1.02
,1988,1.29,0.5,1.07
,1987,1.29,0.51,1.12
,1986,1.31,0.53,1.12
,1985,1.3,0.51,1.21
,1984,1.3,0.51,1.24
,1983,1.36,0.5,1.21
,1982,1.35,0.49,1.22
,1981,1.44,0.49,1.24
,1980,1.47,0.45,1.27
,1979,1.39,0.42,1.23
,1978,1.37,0.4,1.25
,1977,1.34,0.37,1.24
Michigan,2009,1.1,0.31,0.8
,2008,1.12,0.3,0.8
,2007,1.12,0.3,0.78
,2006,1.12,0.29,0.76
,2005,1.14,0.28,0.75
,2004,1.15,0.28,0.72
,2003,1.17,0.26,0.7
,2002,1.16,0.23,0.68
,2001,1.19,0.24,0.68
,2000,1.19,0.24,0.69
,1999,1.19,0.24,0.68
,1998,1.2,0.22,0.69
,1997,1.17,0.22,0.66
,1996,1.2,0.22,0.67
,1995,1.2,0.19,0.66
,1994,1.23,0.2,0.67
,1993,1.25,0.2,0.72
,1992,1.26,0.22,0.74
,1991,1.3,0.22,0.74
,1990,1.33,0.28,0.8
,1989,1.29,0.3,0.8
,1988,1.31,0.32,0.84
,1987,1.32,0.33,0.85
,1986,1.33,0.33,0.9
,1985,1.3,0.32,0.95
,1984,1.32,0.31,0.97
,1983,1.35,0.28,0.97
,1982,1.35,0.39,0.98
,1981,1.34,0.29,1
,1980,1.34,0.28,1.03
,1979,1.37,0.25,1.03
,1978,1.43,0.25,1.05
,1977,1.45,0.24,1.02
Minnesota,2009,1.19,0.37,1.04
,2008,1.21,0.37,1.03
,2007,1.16,0.36,0.97
,2006,1.15,0.32,0.93
,2005,1.18,0.32,0.96
,2004,1.23,0.31,0.93
,2003,1.21,0.29,0.9
,2002,1.25,0.28,0.87
,2001,1.25,0.26,0.87
,2000,1.24,0.26,0.87
,1999,1.23,0.27,0.86
,1998,1.16,0.27,0.84
,1997,1.23,0.27,0.83
,1996,1.25,0.26,0.83
,1995,1.24,0.26,0.83
,1994,1.27,0.25,0.83
,1993,1.24,0.24,0.84
,1992,1.25,0.25,0.85
,1991,1.3,0.24,0.81
,1990,1.32,0.27,0.96
,1989,1.28,0.27,0.88
,1988,1.3,0.3,0.89
,1987,1.31,0.32,0.94
,1986,1.3,0.33,0.92
,1985,1.31,0.31,1.06
,1984,1.34,0.28,1.07
,1983,1.37,0.27,1.1
,1982,1.36,0.27,1.11
,1981,1.39,0.27,1.18
,1980,1.4,0.26,1.2
,1979,1.35,0.24,1.16
,1978,1.31,0.23,1.15
,1977,1.3,0.2,1.15
Mississippi,2009,1.41,0.11,0.71
,2008,1.45,0.12,0.7
,2007,1.46,0.12,0.68
,2006,1.46,0.12,0.67
,2005,1.4,0.12,0.65
,2004,1.39,0.12,0.63
,2003,1.4,0.12,0.62
,2002,1.4,0.12,0.61
,2001,1.39,0.11,0.6
,2000,1.44,0.09,0.6
,1999,1.45,0.1,0.61
,1998,1.4,0.09,0.59
,1997,1.37,0.09,0.61
,1996,1.37,0.09,0.62
,1995,1.36,0.09,0.61
,1994,1.28,0.08,0.63
,1993,1.37,0.1,0.63
,1992,1.35,0.09,0.63
,1991,1.32,0.09,0.64
,1990,1.34,0.09,0.65
,1989,1.26,0.09,0.65
,1988,1.28,0.09,0.66
,1987,1.26,0.09,0.66
,1986,1.26,0.1,0.68
,1985,1.21,0.1,0.73
,1984,1.19,0.11,0.77
,1983,1.19,0.11,0.79
,1982,1.19,0.11,0.82
,1981,1.19,0.11,0.84
,1980,1.13,0.1,0.86
,1979,1.15,0.1,0.84
,1978,1.16,0.1,0.91
,1977,1.08,0.11,0.86
Missouri,2009,1.3,0.3,0.83
,2008,1.32,0.3,0.8
,2007,1.33,0.3,0.78
,2006,1.33,0.28,0.76
,2005,1.3,0.27,0.72
,2004,1.32,0.26,0.71
,2003,1.33,0.26,0.69
,2002,1.47,0.25,0.67
,2001,1.34,0.23,0.67
,2000,1.35,0.23,0.67
,1999,1.35,0.23,0.66
,1998,1.33,0.23,0.63
,1997,1.3,0.22,0.63
,1996,1.31,0.22,0.57
,1995,1.31,0.2,0.62
,1994,1.36,0.19,0.66
,1993,1.33,0.2,0.67
,1992,1.34,0.21,0.69
,1991,1.35,0.22,0.64
,1990,1.37,0.22,0.7
,1989,1.33,0.22,0.69
,1988,1.33,0.25,0.69
,1987,1.36,0.27,0.72
,1986,1.36,0.28,0.72
,1985,1.33,0.26,0.76
,1984,1.34,0.25,0.68
,1983,1.37,0.22,0.78
,1982,1.38,0.21,0.79
,1981,1.4,0.21,0.83
,1980,1.39,0.2,0.84
,1979,1.37,0.2,0.86
,1978,1.31,0.2,0.89
,1977,1.23,0.19,0.83
Montana,2009,1.66,0.45,0.88
,2008,1.68,0.44,0.87
,2007,1.68,0.43,0.86
,2006,1.64,0.41,0.83
,2005,1.53,0.35,0.78
,2004,1.54,0.34,0.74
,2003,1.55,0.33,0.72
,2002,1.61,0.33,0.7
,2001,1.57,0.3,0.68
,2000,1.55,0.29,0.68
,1999,1.56,0.29,0.67
,1998,1.51,0.28,0.65
,1997,1.49,0.29,0.63
,1996,1.49,0.27,0.64
,1995,1.49,0.26,0.78
,1994,1.57,0.24,0.7
,1993,1.49,0.25,0.73
,1992,1.59,0.26,0.75
,1991,1.61,0.28,0.76
,1990,1.6,0.29,0.77
,1989,1.56,0.29,0.72
,1988,1.59,0.32,0.76
,1987,1.57,0.33,0.77
,1986,1.58,0.34,0.81
,1985,1.6,0.33,0.88
,1984,1.7,0.32,0.93
,1983,1.79,0.32,0.99
,1982,1.82,0.32,1.02
,1981,1.9,0.33,1.05
,1980,1.82,0.35,1.04
,1979,1.83,0.41,1.05
,1978,1.82,0.2,1.07
,1977,1.83,0.2,1.1
Nebraska,2009,1.46,0.2,0.68
,2008,1.47,0.21,0.68
,2007,1.45,0.21,0.67
,2006,1.43,0.21,0.71
,2005,1.41,0.2,0.68
,2004,1.43,0.19,0.64
,2003,1.42,0.18,0.63
,2002,1.45,0.17,0.61
,2001,1.43,0.16,0.6
,2000,1.44,0.17,0.62
,1999,1.42,0.17,0.6
,1998,1.39,0.18,0.58
,1997,1.35,0.18,0.56
,1996,1.35,0.18,0.57
,1995,1.35,0.19,0.57
,1994,1.39,0.18,0.57
,1993,1.37,0.18,0.59
,1992,1.37,0.18,0.61
,1991,1.4,0.18,0.61
,1990,1.41,0.2,0.64
,1989,1.37,0.19,0.62
,1988,1.37,0.22,0.65
,1987,1.4,0.22,0.65
,1986,1.38,0.23,0.67
,1985,1.4,0.22,0.75
,1984,1.44,0.2,0.76
,1983,1.49,0.21,0.79
,1982,1.5,0.28,0.58
,1981,1.57,0.2,0.88
,1980,1.56,0.19,0.89
,1979,1.5,0.18,0.88
,1978,1.47,0.18,0.89
,1977,1.45,0.17,0.91
Nevada,2009,1.57,0.58,1.15
,2008,1.68,0.63,1.33
,2007,1.71,0.64,1.27
,2006,1.74,0.66,1.3
,2005,1.71,0.62,1.23
,2004,1.75,0.64,1.26
,2003,1.76,0.62,1.25
,2002,1.75,0.61,1.24
,2001,1.81,0.6,1.22
,2000,1.79,0.62,1.26
,1999,1.82,0.63,1.29
,1998,1.8,0.58,1.23
,1997,1.84,0.58,1.3
,1996,1.91,0.59,1.39
,1995,1.87,0.58,1.39
,1994,1.93,0.57,1.51
,1993,1.95,0.58,1.54
,1992,2.02,0.62,1.61
,1991,2.05,0.63,1.63
,1990,2.17,0.69,1.92
,1989,2.18,0.73,1.92
,1988,2.13,0.78,2
,1987,2.05,0.84,2.09
,1986,2.07,0.88,2.11
,1985,1.96,0.84,2.18
,1984,2.01,0.82,2.36
,1983,1.98,0.79,2.45
,1982,1.99,0.77,2.5
,1981,2.08,0.8,2.71
,1980,2.09,0.79,2.94
,1979,2.28,0.88,3.28
,1978,2.2,0.85,3.65
,1977,2.15,0.83,3.85
New Hampshire,2009,1.72,0.84,1.82
,2008,1.71,0.81,1.79
,2007,1.74,0.74,1.75
,2006,1.73,0.72,1.76
,2005,1.72,0.71,1.68
,2004,1.71,0.7,1.65
,2003,1.72,0.7,1.61
,2002,1.73,0.69,1.63
,2001,1.74,0.65,1.61
,2000,1.75,0.56,1.69
,1999,1.75,0.56,1.7
,1998,1.72,0.54,1.73
,1997,1.73,0.55,1.76
,1996,1.73,0.55,1.85
,1995,1.74,0.51,1.87
,1994,1.75,0.48,1.9
,1993,1.83,0.54,2.01
,1992,1.81,0.52,1.96
,1991,1.85,0.49,1.96
,1990,1.85,0.49,1.97
,1989,1.87,0.5,1.99
,1988,1.91,0.49,1.94
,1987,1.93,0.5,1.98
,1986,1.93,0.52,2.06
,1985,1.99,0.53,2.21
,1984,1.99,0.59,2.33
,1983,2.17,0.56,2.35
,1982,1.89,0.58,2.34
,1981,1.89,0.59,2.44
,1980,2.21,0.69,2.86
,1979,1.98,0.62,2.61
,1978,1.99,0.54,2.94
,1977,1.89,0.5,2.93
New Jersey,2009,0.92,0.57,0.87
,2008,0.94,0.55,0.86
,2007,0.93,0.55,0.86
,2006,0.94,0.53,0.84
,2005,0.95,0.51,0.82
,2004,0.96,0.52,0.82
,2003,0.95,0.5,0.79
,2002,0.98,0.49,0.77
,2001,0.99,0.47,0.75
,2000,0.96,0.47,0.77
,1999,0.97,0.46,0.71
,1998,0.98,0.46,0.69
,1997,0.98,0.42,0.74
,1996,1,0.44,0.76
,1995,1.03,0.44,0.75
,1994,1.04,0.43,0.79
,1993,1.07,0.42,0.79
,1992,1.07,0.44,0.83
,1991,1.09,0.43,0.82
,1990,1.15,0.48,0.95
,1989,1.13,0.5,0.96
,1988,1.15,0.51,0.93
,1987,1.18,0.54,1.01
,1986,1.18,0.56,1.03
,1985,1.18,0.55,1.08
,1984,1.19,0.55,1.1
,1983,1.21,0.52,1.13
,1982,1.22,0.52,1.13
,1981,1.22,0.51,1.15
,1980,1.23,0.47,1.13
,1979,1.18,0.43,1.1
,1978,1.17,0.42,1.1
,1977,1.16,0.4,1.13
New Mexico,2009,1.37,0.32,0.74
,2008,1.43,0.31,0.72
,2007,1.41,0.31,0.71
,2006,1.38,0.31,0.7
,2005,1.48,0.29,0.67
,2004,1.45,0.25,0.66
,2003,1.52,0.27,0.61
,2002,1.53,0.26,0.61
,2001,1.54,0.25,0.61
,2000,1.53,0.25,0.61
,1999,1.53,0.25,0.59
,1998,1.49,0.24,0.58
,1997,1.51,0.24,0.58
,1996,1.55,0.24,0.59
,1995,1.56,0.24,0.6
,1994,1.46,0.19,0.6
,1993,1.53,0.23,0.63
,1992,1.56,0.25,0.66
,1991,1.64,0.26,0.64
,1990,1.68,0.28,0.68
,1989,1.64,0.29,0.65
,1988,1.63,0.33,0.67
,1987,1.63,0.35,0.67
,1986,1.64,0.35,0.7
,1985,1.7,0.36,0.77
,1984,1.71,0.28,0.76
,1983,1.72,0.31,0.98
,1982,1.72,0.34,0.94
,1981,1.74,0.32,0.95
,1980,1.66,0.32,1
,1979,1.71,0.3,1.01
,1978,1.68,0.32,0.98
,1977,1.65,0.32,0.96
New York,2009,0.91,0.46,0.69
,2008,0.92,0.47,0.67
,2007,0.92,0.46,0.68
,2006,0.88,0.45,0.65
,2005,0.9,0.43,0.64
,2004,0.91,0.41,0.62
,2003,0.93,0.4,0.61
,2002,0.95,0.38,0.59
,2001,0.96,0.37,0.56
,2000,0.92,0.38,0.58
,1999,0.93,0.37,0.56
,1998,0.95,0.38,0.51
,1997,0.94,0.37,0.57
,1996,0.97,0.36,0.57
,1995,0.98,0.38,0.57
,1994,0.98,0.35,0.6
,1993,1,0.35,0.62
,1992,1.04,0.37,0.68
,1991,1.09,0.37,0.69
,1990,1.13,0.41,0.76
,1989,1.12,0.42,0.82
,1988,1.15,0.45,0.87
,1987,1.15,0.48,0.9
,1986,1.13,0.5,0.92
,1985,1.14,0.49,0.98
,1984,1.15,0.49,1.03
,1983,1.23,0.49,1.05
,1982,1.26,0.48,1.1
,1981,1.25,0.46,1.12
,1980,1.28,0.46,1.18
,1979,1.21,0.44,1.17
,1978,1.18,0.42,1.17
,1977,1.18,0.38,1.17
North Carolina,2009,1.1,0.34,0.58
,2008,1.14,0.34,0.58
,2007,1.16,0.33,0.56
,2006,1.15,0.33,0.55
,2005,1.13,0.3,0.54
,2004,1.17,0.3,0.53
,2003,1.21,0.27,0.52
,2002,1.25,0.27,0.5
,2001,1.23,0.25,0.51
,2000,1.19,0.23,0.52
,1999,1.16,0.24,0.51
,1998,1.13,0.23,0.5
,1997,1.15,0.23,0.51
,1996,1.14,0.24,0.52
,1995,1.12,0.22,0.53
,1994,1.14,0.21,0.54
,1993,1.14,0.22,0.56
,1992,1.14,0.23,0.59
,1991,1.11,0.24,0.6
,1990,1.16,0.27,0.65
,1989,1.13,0.27,0.66
,1988,1.12,0.28,0.68
,1987,1.11,0.28,0.71
,1986,1.12,0.3,0.74
,1985,1.09,0.27,0.76
,1984,1.11,0.24,0.78
,1983,1.1,0.22,0.8
,1982,1.07,0.21,0.85
,1981,1.1,0.21,0.86
,1980,1.11,0.2,0.86
,1979,1.08,0.22,0.88
,1978,1.06,0.2,0.86
,1977,1.01,0.2,0.84
North Dakota,2009,1.63,0.25,1.16
,2008,1.63,0.24,1.14
,2007,1.57,0.23,1.08
,2006,1.52,0.21,1.01
,2005,1.51,0.19,0.95
,2004,1.5,0.18,0.83
,2003,1.54,0.17,0.86
,2002,1.51,0.16,0.84
,2001,1.46,0.15,0.8
,2000,1.47,0.15,0.79
,1999,1.49,0.15,0.78
,1998,1.45,0.13,0.76
,1997,1.4,0.13,0.77
,1996,1.4,0.13,0.77
,1995,1.35,0.16,0.77
,1994,1.39,0.15,0.78
,1993,1.37,0.15,0.84
,1992,1.38,0.15,0.85
,1991,1.43,0.16,0.86
,1990,1.47,0.17,0.93
,1989,1.38,0.17,0.84
,1988,1.38,0.19,0.86
,1987,1.35,0.2,0.87
,1986,1.32,0.22,0.86
,1985,1.33,0.19,0.96
,1984,1.4,0.17,0.98
,1983,1.48,0.17,1.05
,1982,1.52,0.18,1.09
,1981,1.53,0.18,1.14
,1980,1.53,0.17,1.14
,1979,1.45,0.16,1.1
,1978,1.45,0.16,1.15
,1977,1.35,0.15,1.12
Ohio,2009,1.28,0.26,0.47
,2008,1.32,0.26,0.46
,2007,1.33,0.25,0.45
,2006,1.32,0.24,0.44
,2005,1.31,0.23,0.43
,2004,1.33,0.22,0.41
,2003,1.33,0.22,0.48
,2002,1.34,0.21,0.47
,2001,1.33,0.21,0.47
,2000,1.3,0.19,0.5
,1999,1.32,0.2,0.48
,1998,1.31,0.19,0.47
,1997,1.28,0.18,0.46
,1996,1.3,0.18,0.45
,1995,1.28,0.17,0.46
,1994,1.31,0.16,0.37
,1993,1.29,0.16,0.5
,1992,1.32,0.17,0.5
,1991,1.33,0.18,0.51
,1990,1.34,0.22,0.53
,1989,1.35,0.22,0.5
,1988,1.34,0.24,0.54
,1987,1.35,0.24,0.59
,1986,1.32,0.25,0.6
,1985,1.37,0.25,0.59
,1984,1.41,0.25,0.61
,1983,1.36,0.22,0.65
,1982,1.4,0.22,0.66
,1981,1.35,0.22,0.68
,1980,1.39,0.22,0.72
,1979,1.36,0.2,0.71
,1978,1.19,0.2,0.7
,1977,1.17,0.18,0.7
Oklahoma,2009,1.18,0.18,0.58
,2008,1.23,0.18,0.58
,2007,1.18,0.17,0.58
,2006,1.15,0.17,0.57
,2005,1.09,0.16,0.55
,2004,1.1,0.13,0.45
,2003,1.06,0.13,0.73
,2002,1.11,0.13,0.58
,2001,1.11,0.12,0.43
,2000,1.13,0.12,0.44
,1999,1.11,0.12,0.44
,1998,1.12,0.12,0.43
,1997,1.1,0.12,0.43
,1996,1.09,0.12,0.45
,1995,1.1,0.12,0.44
,1994,1.15,0.13,0.5
,1993,1.11,0.11,0.48
,1992,1.13,0.13,0.55
,1991,1.09,0.13,0.54
,1990,1.12,0.14,0.55
,1989,1.05,0.13,0.53
,1988,1.05,0.14,0.5
,1987,1.04,0.15,0.57
,1986,1.04,0.15,0.61
,1985,1.04,0.15,0.68
,1984,1.01,0.16,0.74
,1983,1.05,0.16,0.77
,1982,1.17,0.16,0.83
,1981,1.14,0.16,0.83
,1980,1.08,0.16,0.71
,1979,1.05,0.13,0.8
,1978,1.08,0.14,0.82
,1977,1.07,0.14,0.78
Oregon,2009,1.28,0.49,0.82
,2008,1.21,0.49,0.82
,2007,1.29,0.49,0.81
,2006,1.26,0.49,0.78
,2005,1.23,0.48,0.74
,2004,1.22,0.49,0.71
,2003,1.2,0.47,0.68
,2002,1.22,0.46,0.66
,2001,1.22,0.43,0.65
,2000,1.2,0.44,0.64
,1999,1.21,0.43,0.63
,1998,1.2,0.43,0.61
,1997,1.19,0.44,0.6
,1996,1.23,0.44,0.61
,1995,1.21,0.42,0.59
,1994,1.23,0.37,0.62
,1993,1.24,0.43,0.64
,1992,1.29,0.46,0.67
,1991,1.28,0.44,0.67
,1990,1.32,0.47,0.73
,1989,1.26,0.46,0.69
,1988,1.27,0.51,0.71
,1987,1.26,0.53,0.72
,1986,1.26,0.54,0.73
,1985,1.25,0.55,0.77
,1984,1.28,0.53,0.82
,1983,1.31,0.53,0.85
,1982,1.33,0.53,0.88
,1981,1.38,0.5,0.92
,1980,1.37,0.51,0.94
,1979,1.39,0.47,0.96
,1978,1.34,0.47,0.98
,1977,1.33,0.46,0.96
Pennsylvania,2009,1.35,0.23,0.61
,2008,1.36,0.23,0.6
,2007,1.34,0.24,0.59
,2006,1.3,0.24,0.57
,2005,1.29,0.24,0.55
,2004,1.3,0.24,0.54
,2003,1.3,0.23,0.51
,2002,1.35,0.22,0.49
,2001,1.32,0.2,0.48
,2000,1.21,0.21,0.47
,1999,1.2,0.21,0.46
,1998,1.21,0.19,0.45
,1997,1.2,0.19,0.44
,1996,1.22,0.19,0.45
,1995,1.23,0.18,0.45
,1994,1.28,0.18,0.47
,1993,1.31,0.17,0.48
,1992,1.3,0.18,0.51
,1991,1.36,0.17,0.52
,1990,1.42,0.18,0.55
,1989,1.36,0.18,0.56
,1988,1.39,0.19,0.53
,1987,1.38,0.2,0.61
,1986,1.38,0.21,0.64
,1985,1.37,0.21,0.65
,1984,1.37,0.21,0.66
,1983,1.41,0.22,0.67
,1982,1.44,0.23,0.7
,1981,1.42,0.23,0.72
,1980,1.45,0.22,0.71
,1979,1.42,0.22,0.73
,1978,1.36,0.21,0.74
,1977,1.35,0.2,0.74
Rhode Island,2009,1.1,0.53,0.92
,2008,1.13,0.54,0.91
,2007,1.13,0.54,0.9
,2006,1.13,0.53,0.86
,2005,1.13,0.51,0.81
,2004,1.12,0.49,0.79
,2003,1.12,0.51,0.79
,2002,1.17,0.48,0.73
,2001,1.19,0.46,0.7
,2000,1.15,0.46,0.7
,1999,1.14,0.45,0.69
,1998,1.14,0.47,0.63
,1997,1.22,0.44,0.64
,1996,1.16,0.42,0.65
,1995,1.19,0.38,0.6
,1994,1.23,0.38,0.66
,1993,1.22,0.36,0.69
,1992,1.24,0.39,0.7
,1991,1.33,0.37,0.71
,1990,1.31,0.44,0.79
,1989,1.37,0.46,0.87
,1988,1.39,0.49,0.97
,1987,1.4,0.51,0.94
,1986,1.41,0.53,0.93
,1985,1.4,0.51,1.03
,1984,1.37,0.52,1.03
,1983,1.48,0.5,1.06
,1982,1.34,0.55,1.04
,1981,1.36,0.52,1.04
,1980,1.46,0.53,1.14
,1979,1.46,0.5,1.11
,1978,1.41,0.5,1.16
,1977,1.39,0.43,1.12
South Carolina,2009,1.36,0.24,0.77
,2008,1.41,0.24,0.77
,2007,1.43,0.24,0.77
,2006,1.46,0.24,0.77
,2005,1.41,0.24,0.76
,2004,1.44,0.24,0.76
,2003,1.38,0.23,0.74
,2002,1.47,0.22,0.67
,2001,1.45,0.22,0.65
,2000,1.45,0.22,0.7
,1999,1.43,0.22,0.72
,1998,1.42,0.21,0.72
,1997,1.4,0.19,0.71
,1996,1.39,0.21,0.71
,1995,1.38,0.18,0.67
,1994,1.38,0.17,0.74
,1993,1.36,0.2,0.75
,1992,1.34,0.2,0.79
,1991,1.34,0.22,0.84
,1990,1.44,0.25,0.92
,1989,1.37,0.24,0.86
,1988,1.37,0.26,0.89
,1987,1.34,0.27,0.88
,1986,1.3,0.27,0.92
,1985,1.26,0.25,0.99
,1984,1.26,0.24,1
,1983,1.26,0.2,1.01
,1982,1.24,0.2,1
,1981,1.25,0.19,1.05
,1980,1.22,0.18,1.06
,1979,1.25,0.17,1.18
,1978,1.2,0.17,1.21
,1977,1.17,0.17,1.14
South Dakota,2009,1.53,0.22,0.88
,2008,1.56,0.22,0.86
,2007,1.51,0.22,0.86
,2006,1.51,0.19,0.79
,2005,1.5,0.19,0.83
,2004,1.5,0.18,0.76
,2003,1.51,0.16,0.73
,2002,1.51,0.16,0.7
,2001,1.46,0.15,0.71
,2000,1.44,0.15,0.68
,1999,1.43,0.14,0.7
,1998,1.42,0.13,0.68
,1997,1.36,0.13,0.69
,1996,1.36,0.13,0.68
,1995,1.34,0.12,0.73
,1994,1.38,0.12,0.73
,1993,1.35,0.12,0.73
,1992,1.37,0.15,0.74
,1991,1.37,0.15,0.76
,1990,1.36,0.18,0.8
,1989,1.25,0.15,0.7
,1988,1.21,0.16,0.76
,1987,1.24,0.19,0.79
,1986,1.22,0.19,0.81
,1985,1.22,0.18,0.94
,1984,1.27,0.17,0.89
,1983,1.3,0.17,0.95
,1982,1.29,0.18,0.98
,1981,1.32,0.19,1.05
,1980,1.3,0.18,1.07
,1979,1.23,0.17,1.04
,1978,1.19,0.17,1.05
,1977,1.15,0.17,1.06
Tennessee,2009,1.05,0.21,0.57
,2008,1.1,0.2,0.57
,2007,1.13,0.2,0.56
,2006,1.14,0.19,0.56
,2005,1.19,0.19,0.55
,2004,1.21,0.18,0.53
,2003,1.26,0.18,0.52
,2002,1.17,0.17,0.51
,2001,1.13,0.16,0.5
,2000,1.21,0.15,0.5
,1999,1.21,0.15,0.49
,1998,1.19,0.15,0.5
,1997,1.16,0.16,0.5
,1996,1.18,0.15,0.51
,1995,1.18,0.15,0.52
,1994,1.18,0.15,0.53
,1993,1.2,0.14,0.54
,1992,1.21,0.14,0.56
,1991,1.19,0.13,0.54
,1990,1.22,0.14,0.6
,1989,1.18,0.14,0.59
,1988,1.2,0.14,0.6
,1987,1.17,0.15,0.62
,1986,1.17,0.16,0.63
,1985,1.11,0.16,0.67
,1984,1.11,0.15,0.7
,1983,1.1,0.14,0.69
,1982,1.13,0.14,0.7
,1981,1.14,0.13,0.72
,1980,1.1,0.12,0.69
,1979,1.14,0.11,0.73
,1978,1.16,0.11,0.72
,1977,1.1,0.1,0.71
Texas,2009,1.42,0.28,0.58
,2008,1.44,0.27,0.58
,2007,1.41,0.27,0.56
,2006,1.43,0.26,0.55
,2005,1.42,0.25,0.53
,2004,1.45,0.24,0.52
,2003,1.46,0.23,0.51
,2002,1.5,0.22,0.5
,2001,1.51,0.21,0.49
,2000,1.53,0.22,0.5
,1999,1.54,0.2,0.49
,1998,1.53,0.23,0.49
,1997,1.54,0.2,0.47
,1996,1.56,0.22,0.49
,1995,1.55,0.19,0.49
,1994,1.6,0.2,0.51
,1993,1.6,0.2,0.53
,1992,1.65,0.24,0.55
,1991,1.6,0.25,0.55
,1990,1.64,0.26,0.58
,1989,1.62,0.26,0.58
,1988,1.61,0.28,0.59
,1987,1.61,0.29,0.61
,1986,1.67,0.31,0.65
,1985,1.68,0.3,0.73
,1984,1.74,0.28,0.79
,1983,1.73,0.27,0.79
,1982,1.83,0.18,0.84
,1981,1.84,0.24,0.85
,1980,1.77,0.22,0.81
,1979,1.76,0.14,0.87
,1978,1.7,0.14,0.84
,1977,1.63,0.14,0.81
Utah,2009,0.7,0.17,0.46
,2008,0.75,0.17,0.46
,2007,0.75,0.16,0.43
,2006,0.71,0.16,0.43
,2005,0.69,0.16,0.41
,2004,0.75,0.15,0.39
,2003,0.77,0.15,0.39
,2002,0.78,0.14,0.39
,2001,0.76,0.14,0.39
,2000,0.77,0.11,0.4
,1999,0.79,0.1,0.38
,1998,0.73,0.1,0.37
,1997,0.76,0.1,0.39
,1996,0.77,0.1,0.37
,1995,0.75,0.09,0.37
,1994,0.76,0.09,0.38
,1993,0.78,0.11,0.39
,1992,0.79,0.12,0.42
,1991,0.8,0.12,0.43
,1990,0.8,0.12,0.46
,1989,0.82,0.13,0.47
,1988,0.83,0.14,0.49
,1987,0.84,0.15,0.5
,1986,0.89,0.17,0.52
,1985,0.9,0.15,0.53
,1984,0.88,0.14,0.52
,1983,0.88,0.14,0.5
,1982,1.01,0.15,0.55
,1981,1.01,0.15,0.58
,1980,0.96,0.14,0.6
,1979,0.97,0.16,0.62
,1978,0.96,0.15,0.61
,1977,0.97,0.14,0.59
Vermont,2009,1.36,0.63,0.7
,2008,1.37,0.62,0.71
,2007,1.37,0.61,0.7
,2006,1.35,0.58,0.69
,2005,1.33,0.56,0.67
,2004,1.32,0.54,0.66
,2003,1.32,0.51,0.64
,2002,1.32,0.49,0.63
,2001,1.29,0.47,0.63
,2000,1.23,0.47,0.63
,1999,1.23,0.47,0.62
,1998,1.25,0.47,0.62
,1997,1.23,0.46,0.63
,1996,1.29,0.46,0.64
,1995,1.27,0.41,0.66
,1994,1.34,0.42,0.74
,1993,1.34,0.44,0.74
,1992,1.35,0.44,0.78
,1991,1.41,0.46,0.82
,1990,1.47,0.48,0.85
,1989,1.45,0.51,0.88
,1988,1.51,0.56,0.93
,1987,1.56,0.58,0.98
,1986,1.55,0.59,1.04
,1985,1.49,0.55,1.09
,1984,1.48,0.49,1.15
,1983,1.52,0.5,1.19
,1982,1.49,0.5,1.25
,1981,1.49,0.5,1.33
,1980,1.43,0.48,1.39
,1979,1.57,0.47,1.5
,1978,1.53,0.47,1.59
,1977,1.42,0.44,1.58
Virginia,2009,1.11,0.43,0.59
,2008,1.14,0.42,0.59
,2007,1.13,0.41,0.58
,2006,1.14,0.39,0.57
,2005,1.13,0.38,0.55
,2004,1.14,0.37,0.54
,2003,1.14,0.36,0.53
,2002,1.15,0.34,0.51
,2001,1.15,0.32,0.5
,2000,1.16,0.31,0.5
,1999,1.18,0.32,0.47
,1998,1.18,0.29,0.47
,1997,1.13,0.29,0.48
,1996,1.13,0.3,0.49
,1995,1.15,0.29,0.49
,1994,1.2,0.27,0.51
,1993,1.24,0.27,0.54
,1992,1.25,0.28,0.57
,1991,1.2,0.28,0.58
,1990,1.25,0.3,0.62
,1989,1.23,0.31,0.65
,1988,1.31,0.25,0.68
,1987,1.4,0.26,0.71
,1986,1.52,0.27,0.73
,1985,1.46,0.3,0.79
,1984,1.46,0.29,0.8
,1983,1.47,0.27,0.82
,1982,1.45,0.27,0.86
,1981,1.23,0.27,0.89
,1980,1.23,0.25,0.91
,1979,1.23,0.25,0.92
,1978,1.22,0.21,0.9
,1977,1.19,0.21,0.9
Washington,2009,1.09,0.51,0.74
,2008,1.09,0.5,0.76
,2007,1.11,0.5,0.74
,2006,1.05,0.48,0.71
,2005,1.1,0.55,0.68
,2004,1.04,0.46,0.69
,2003,1.05,0.46,0.67
,2002,1.08,0.42,0.65
,2001,1.08,0.4,0.65
,2000,1.09,0.41,0.66
,1999,1.1,0.4,0.63
,1998,1.12,0.43,0.63
,1997,1.11,0.42,0.63
,1996,1.13,0.4,0.63
,1995,1.14,0.4,0.63
,1994,1.18,0.39,0.65
,1993,1.19,0.39,0.69
,1992,1.26,0.46,0.72
,1991,1.23,0.43,0.73
,1990,1.27,0.46,0.76
,1989,1.24,0.47,0.75
,1988,1.22,0.5,0.77
,1987,1.23,0.56,0.79
,1986,1.23,0.61,0.82
,1985,1.22,0.59,0.87
,1984,1.24,0.57,0.91
,1983,1.29,0.54,0.94
,1982,1.33,0.53,0.99
,1981,1.38,0.54,1.05
,1980,1.52,0.52,1.08
,1979,1.41,0.48,1.1
,1978,1.39,0.48,1.09
,1977,1.36,0.45,1.08
West Virginia,2009,1.24,0.1,0.45
,2008,1.26,0.1,0.44
,2007,1.24,0.1,0.42
,2006,1.22,0.1,0.42
,2005,1.23,0.1,0.4
,2004,1.25,0.1,0.39
,2003,1.23,0.1,0.38
,2002,1.26,0.1,0.38
,2001,1.23,0.1,0.37
,2000,1.18,0.1,0.35
,1999,1.18,0.1,0.37
,1998,1.17,0.1,0.36
,1997,1.14,0.1,0.37
,1996,1.14,0.1,0.37
,1995,1.14,0.09,0.38
,1994,1.17,0.08,0.39
,1993,1.18,0.08,0.4
,1992,1.16,0.09,0.41
,1991,1.18,0.09,0.43
,1990,1.2,0.1,0.42
,1989,1.12,0.11,0.38
,1988,1.12,0.12,0.4
,1987,1.11,0.13,0.41
,1986,1.1,0.13,0.41
,1985,1.11,0.13,0.42
,1984,1.12,0.12,0.44
,1983,1.13,0.13,0.48
,1982,1.11,0.14,0.55
,1981,1.06,0.14,0.66
,1980,1,0.09,0.72
,1979,0.97,0.09,0.77
,1978,0.96,0.09,0.79
,1977,0.98,0.09,0.78
Wisconsin,2009,1.49,0.31,1.16
,2008,1.53,0.34,1.12
,2007,1.54,0.33,1.11
,2006,1.56,0.32,1.09
,2005,1.55,0.31,1.07
,2004,1.52,0.3,1.01
,2003,1.52,0.29,1
,2002,1.56,0.28,0.98
,2001,1.53,0.26,0.95
,2000,1.54,0.27,0.95
,1999,1.53,0.26,0.92
,1998,1.61,0.26,0.79
,1997,1.57,0.25,0.89
,1996,1.53,0.24,0.88
,1995,1.55,0.23,0.87
,1994,1.58,0.22,0.91
,1993,1.59,0.22,0.89
,1992,1.59,0.25,0.9
,1991,1.65,0.27,0.84
,1990,1.74,0.31,1.03
,1989,1.71,0.31,0.95
,1988,1.75,0.33,0.95
,1987,1.78,0.36,0.97
,1986,1.87,0.34,0.95
,1985,1.82,0.32,1.05
,1984,1.86,0.3,1.03
,1983,1.93,0.33,1.07
,1982,1.93,0.3,1.04
,1981,1.95,0.31,1.2
,1980,1.96,0.31,1.2
,1979,1.88,0.28,1.17
,1978,1.8,0.28,1.18
,1977,1.78,0.27,1.26
Wyoming,2009,1.45,0.22,1.1
,2008,1.54,0.23,1.12
,2007,1.49,0.23,1.1
,2006,1.47,0.23,1.05
,2005,1.21,0.23,0.97
,2004,1.41,0.22,0.92
,2003,1.69,0.23,0.9
,2002,1.46,0.22,0.88
,2001,1.43,0.22,0.88
,2000,1.42,0.18,0.86
,1999,1.41,0.18,0.84
,1998,1.38,0.2,0.81
,1997,1.36,0.17,0.81
,1996,1.37,0.16,0.81
,1995,1.34,0.16,0.8
,1994,1.42,0.18,0.83
,1993,1.4,0.19,0.86
,1992,1.44,0.2,0.91
,1991,1.45,0.2,0.9
,1990,1.48,0.22,0.93
,1989,1.35,0.22,0.82
,1988,1.39,0.23,0.83
,1987,1.46,0.24,0.86
,1986,1.46,0.26,0.92
,1985,1.56,0.25,1.03
,1984,1.58,0.22,1.05
,1983,1.66,0.22,1.09
,1982,1.8,0.24,1.21
,1981,1.91,0.24,1.27
,1980,1.85,0.24,1.32
,1979,1.86,0.22,1.3
,1978,1.82,0.22,1.36
,1977,1.79,0.21,1.32
